{"cameraMode":{"drawMode":0,"name":"Shaded","section":"Shading Mode"},"sceneLighting":true,"audioPlay":false,"sceneViewState":{"showFog":false,"showMaterialUpdate":false,"showSkybox":true,"showFlares":true,"showImageEffects":true,"showParticleSystems":true},"in2DMode":false,"pivot":{"x":1.5911104679107667,"y":-1.203607439994812,"z":-4.94751501083374},"rotation":{"x":-0.12576982378959657,"y":-0.8611451983451843,"z":0.2582066059112549,"w":-0.4194523096084595},"size":29.938961029052736,"orthographic":false}