{"cameraMode":{"drawMode":0,"name":"Shaded","section":"Shading Mode"},"sceneLighting":true,"audioPlay":false,"sceneViewState":{"showFog":false,"showMaterialUpdate":false,"showSkybox":true,"showFlares":true,"showImageEffects":true,"showParticleSystems":true},"in2DMode":false,"pivot":{"x":-28.899999618530275,"y":19.170000076293947,"z":-24.299999237060548},"rotation":{"x":-0.04639274626970291,"y":-0.9136767983436585,"z":0.3887881338596344,"w":-0.10902421921491623},"size":79.63179016113281,"orthographic":false}