{"cameraMode":{"drawMode":0,"name":"Shaded","section":"Shading Mode"},"sceneLighting":true,"audioPlay":false,"sceneViewState":{"showFog":false,"showMaterialUpdate":false,"showSkybox":true,"showFlares":true,"showImageEffects":true,"showParticleSystems":true},"in2DMode":false,"pivot":{"x":9.539999961853028,"y":0.4385855495929718,"z":-15.859999656677246},"rotation":{"x":0.20274491608142854,"y":-0.1688140481710434,"z":0.035503488034009936,"w":0.9639168977737427},"size":57.01721954345703,"orthographic":false}