{"cameraMode":{"drawMode":0,"name":"Shaded","section":"Shading Mode"},"sceneLighting":true,"audioPlay":false,"sceneViewState":{"showFog":false,"showMaterialUpdate":false,"showSkybox":true,"showFlares":true,"showImageEffects":true,"showParticleSystems":true},"in2DMode":false,"pivot":{"x":-19.498472213745118,"y":25.713712692260743,"z":12.831024169921875},"rotation":{"x":-0.04639274626970291,"y":-0.9136767983436585,"z":0.3887881338596344,"w":-0.10902421921491623},"size":22.0,"orthographic":false}