{"cameraMode":{"drawMode":0,"name":"Shaded","section":"Shading Mode"},"sceneLighting":true,"audioPlay":false,"sceneViewState":{"showFog":false,"showMaterialUpdate":false,"showSkybox":true,"showFlares":true,"showImageEffects":true,"showParticleSystems":true},"in2DMode":false,"pivot":{"x":-109.87689208984375,"y":-59.242042541503909,"z":44.58025360107422},"rotation":{"x":0.24152351915836335,"y":-0.5515742301940918,"z":0.17081253230571748,"w":0.7799072861671448},"size":141.2996368408203,"orthographic":false}